{"stats":{"minecraft:picked_up":{"minecraft:wheat_seeds":1,"minecraft:dirt":11},"minecraft:custom":{"minecraft:jump":109,"minecraft:time_since_rest":9919,"minecraft:damage_dealt":303,"minecraft:leave_game":7,"minecraft:play_time":9919,"minecraft:crouch_one_cm":126,"minecraft:sprint_one_cm":10365,"minecraft:damage_taken":94,"minecraft:time_since_death":9919,"minecraft:walk_one_cm":15703,"minecraft:sneak_time":25,"minecraft:total_world_time":9919,"minecraft:fall_one_cm":1277,"minecraft:drop":2,"minecraft:fly_one_cm":16623},"minecraft:used":{"minecraft:dirt":4},"minecraft:dropped":{"minecraft:dirt":2},"minecraft:mined":{"minecraft:grass":3,"minecraft:grass_block":6,"minecraft:dirt":3}},"DataVersion":3465}