{"stats":{"minecraft:picked_up":{"minecraft:wheat_seeds":1,"minecraft:dirt":11},"minecraft:mined":{"minecraft:grass":3,"minecraft:grass_block":6,"minecraft:dirt":3},"minecraft:used":{"minecraft:dirt":4},"minecraft:dropped":{"minecraft:dirt":2},"minecraft:custom":{"minecraft:jump":97,"minecraft:time_since_rest":9637,"minecraft:damage_dealt":303,"minecraft:leave_game":6,"minecraft:play_time":9637,"minecraft:crouch_one_cm":126,"minecraft:sprint_one_cm":8943,"minecraft:damage_taken":94,"minecraft:time_since_death":9637,"minecraft:walk_one_cm":15230,"minecraft:sneak_time":25,"minecraft:total_world_time":9637,"minecraft:fall_one_cm":1068,"minecraft:drop":2,"minecraft:fly_one_cm":14795}},"DataVersion":3465}