{"stats":{"minecraft:picked_up":{"minecraft:wheat_seeds":1,"minecraft:dirt":10},"minecraft:used":{"minecraft:dirt":4},"minecraft:custom":{"minecraft:jump":58,"minecraft:time_since_rest":3361,"minecraft:damage_dealt":303,"minecraft:leave_game":4,"minecraft:play_time":3361,"minecraft:crouch_one_cm":126,"minecraft:sprint_one_cm":6211,"minecraft:damage_taken":94,"minecraft:time_since_death":3361,"minecraft:walk_one_cm":13437,"minecraft:sneak_time":25,"minecraft:total_world_time":3361,"minecraft:fall_one_cm":590,"minecraft:drop":2,"minecraft:fly_one_cm":9986},"minecraft:dropped":{"minecraft:dirt":2},"minecraft:mined":{"minecraft:grass":3,"minecraft:grass_block":5,"minecraft:dirt":3}},"DataVersion":3465}