{"stats":{"minecraft:picked_up":{"minecraft:wheat_seeds":1,"minecraft:dirt":10},"minecraft:dropped":{"minecraft:dirt":2},"minecraft:custom":{"minecraft:jump":79,"minecraft:time_since_rest":3738,"minecraft:damage_dealt":303,"minecraft:leave_game":5,"minecraft:play_time":3738,"minecraft:crouch_one_cm":126,"minecraft:sprint_one_cm":7137,"minecraft:damage_taken":94,"minecraft:time_since_death":3738,"minecraft:walk_one_cm":14337,"minecraft:sneak_time":25,"minecraft:total_world_time":3738,"minecraft:fall_one_cm":590,"minecraft:drop":2,"minecraft:fly_one_cm":12505},"minecraft:used":{"minecraft:dirt":4},"minecraft:mined":{"minecraft:grass":3,"minecraft:grass_block":5,"minecraft:dirt":3}},"DataVersion":3465}