{"stats":{"minecraft:picked_up":{"minecraft:dirt":8},"minecraft:used":{"minecraft:dirt":3},"minecraft:custom":{"minecraft:jump":9,"minecraft:time_since_rest":1203,"minecraft:leave_game":1,"minecraft:damage_dealt":85,"minecraft:sprint_one_cm":386,"minecraft:play_time":1203,"minecraft:time_since_death":1203,"minecraft:walk_one_cm":3110,"minecraft:total_world_time":1203,"minecraft:drop":2,"minecraft:fly_one_cm":425},"minecraft:dropped":{"minecraft:dirt":2},"minecraft:mined":{"minecraft:grass":3,"minecraft:grass_block":3,"minecraft:dirt":3}},"DataVersion":3465}