{"stats":{"minecraft:picked_up":{"minecraft:wheat_seeds":1,"minecraft:dirt":1},"minecraft:used":{"minecraft:dirt":1},"minecraft:killed_by":{"minecraft:zombie":1},"minecraft:custom":{"minecraft:jump":74,"minecraft:leave_game":1,"minecraft:time_since_rest":121,"minecraft:deaths":1,"minecraft:damage_dealt":203,"minecraft:crouch_one_cm":206,"minecraft:sprint_one_cm":4327,"minecraft:play_time":1814,"minecraft:damage_taken":253,"minecraft:time_since_death":53,"minecraft:walk_one_cm":5754,"minecraft:sneak_time":57,"minecraft:total_world_time":1814,"minecraft:drop":1,"minecraft:fall_one_cm":1707,"minecraft:fly_one_cm":8572},"minecraft:dropped":{"minecraft:wheat_seeds":1},"minecraft:mined":{"minecraft:grass":3,"minecraft:grass_block":1}},"DataVersion":3465}