{
  "minecraft:recipes/decorations/crafting_table": {
    "criteria": {
      "unlock_right_away": "2024-06-19 08:21:28 +0000"
    },
    "done": true
  },
  "minecraft:adventure/adventuring_time": {
    "criteria": {
      "minecraft:sunflower_plains": "2024-06-19 08:21:29 +0000",
      "minecraft:windswept_hills": "2024-06-19 08:43:15 +0000",
      "minecraft:windswept_savanna": "2024-06-19 09:05:35 +0000",
      "minecraft:plains": "2024-06-19 09:05:38 +0000"
    },
    "done": false
  },
  "DataVersion": 3465
}